{
  "module_info": {
    "title": "Инженер по строительству",
    "description": "Специалист, отвечающий за организацию, контроль за строительными работами на объектах различного назначения: жилых, коммерческих, промышленных и инфраструктурных.",
    "duration": "45 минут",
    "difficulty": "Средний",
    "certificate": true
  },
  "sections": [
    {
      "id": 1,
      "title": "Введение в профессию",
      "type": "theory",
      "content": {
        "text": "Профессия инженера по строительству...",
        "images": [
          "construction_overview.jpg",
          "engineer_workplace.jpg"
        ],
        "video": "intro_video.mp4"
      },
      "duration": "10 минут"
    },
    {
      "id": 2,
      "title": "Основные функции",
      "type": "interactive",
      "content": {
        "text": "Основные обязанности инженера включают...",
        "interactive_elements": [
          "3d_model",
          "virtual_tour"
        ],
        "examples": [
          "case_study_1.pdf",
          "project_example.jpg"
        ]
      },
      "duration": "15 минут"
    },
    {
      "id": 3,
      "title": "Практические навыки",
      "type": "practice",
      "content": {
        "exercises": [
          "blueprint_reading",
          "cost_calculation",
          "safety_assessment"
        ],
        "simulations": [
          "construction_planning",
          "quality_control"
        ]
      },
      "duration": "15 минут"
    },
    {
      "id": 4,
      "title": "Проверка знаний",
      "type": "test",
      "content": {
        "questions": 15,
        "time_limit": "10 минут",
        "passing_score": 80
      },
      "duration": "10 минут"
    }
  ],
  "progress_tracking": {
    "completion_percentage": 0,
    "sections_completed": 0,
    "time_spent": 0,
    "attempts": 0
  }
}