{
  "planning": {
    "title": "Планирование",
    "sections": {
      "connections": {
        "title": "Настройка связей СТК в графике",
        "courses": {
          "course1": "Редакция графика",
          "course2": "Поэтажное планирование",
          "course3": "Библиотека графиков"
        }
      },
      "admin-tasks": {
        "title": "Админ задачи и вехи",
        "courses": {
          "course4": "Назначение админ задач",
          "course5": "Назначение вех"
        }
      }
    }
  },
  "classifier": {
    "title": "Классификатор",
    "sections": {
      "structure": {
        "title": "Структура классификатора",
        "courses": {
          "course1": "Добавление СТК",
          "course2": "Удаление СТК"
        }
      }
    }
  }
} 